{
  "ATKLEFT": {
    "Frame0": [ 38000.0, 0.0, 39000.0, 1000.0 ],
    "Frame1": [ 39000.0, 0.0, 40000.0, 1000.0 ],
    "Frame2": [ 40000.0, 0.0, 41000.0, 1000.0 ],
    "Frame3": [ 41000.0, 0.0, 42000.0, 1000.0 ],
    "Frame4": [ 42000.0, 0.0, 43000.0, 1000.0 ],
    "Frame5": [ 43000.0, 0.0, 44000.0, 1000.0 ],
    "Frame6": [ 44000.0, 0.0, 45000.0, 1000.0 ],
    "NumFrames": 7,
    "Repeating": false,
    "SecsPerFrame": 0.10000000149011612
  },
  "ATKRIGHT": {
    "Frame0": [ 45000.0, 0.0, 46000.0, 1000.0 ],
    "Frame1": [ 46000.0, 0.0, 47000.0, 1000.0 ],
    "Frame2": [ 47000.0, 0.0, 48000.0, 1000.0 ],
    "Frame3": [ 48000.0, 0.0, 49000.0, 1000.0 ],
    "Frame4": [ 49000.0, 0.0, 50000.0, 1000.0 ],
    "Frame5": [ 50000.0, 0.0, 51000.0, 1000.0 ],
    "Frame6": [ 51000.0, 0.0, 52000.0, 1000.0 ],
    "NumFrames": 7,
    "Repeating": false,
    "SecsPerFrame": 0.10000000149011612
  },
  "DASHLEFT": {
    "Frame0": [ 8000.0, 0.0, 9000.0, 1000.0 ],
    "Frame1": [ 9000.0, 0.0, 10000.0, 1000.0 ],
    "Frame2": [ 10000.0, 0.0, 11000.0, 1000.0 ],
    "NumFrames": 3,
    "Repeating": false,
    "SecsPerFrame": 0.10000001192092896
  },
  "DASHRIGHT": {
    "Frame0": [ 11000.0, 0.0, 12000.0, 1000.0 ],
    "Frame1": [ 12000.0, 0.0, 13000.0, 1000.0 ],
    "Frame2": [ 13000.0, 0.0, 14000.0, 1000.0 ],
    "NumFrames": 3,
    "Repeating": false,
    "SecsPerFrame": 0.10000001192092896
  },
  "IDLELEFT": {
    "Frame0": [ 0.0, 0.0, 1000.0, 1000.0 ],
    "Frame1": [ 1000.0, 0.0, 2000.0, 1000.0 ],
    "Frame2": [ 2000.0, 0.0, 3000.0, 1000.0 ],
    "Frame3": [ 3000.0, 0.0, 4000.0, 1000.0 ],
    "NumFrames": 4,
    "Repeating": true,
    "SecsPerFrame": 0.30000001192092896
  },
  "IDLERIGHT": {
    "Frame0": [ 4000.0, 0.0, 5000.0, 1000.0 ],
    "Frame1": [ 5000.0, 0.0, 6000.0, 1000.0 ],
    "Frame2": [ 6000.0, 0.0, 7000.0, 1000.0 ],
    "Frame3": [ 7000.0, 0.0, 8000.0, 1000.0 ],
    "NumFrames": 4,
    "Repeating": true,
    "SecsPerFrame": 0.30000001192092896
  },
  "WALKLEFT": {
    "Frame0": [ 14000.0, 0.0, 15000.0, 1000.0 ],
    "Frame1": [ 15000.0, 0.0, 16000.0, 1000.0 ],
    "Frame10": [ 24000.0, 0.0, 25000.0, 1000.0 ],
    "Frame11": [ 25000.0, 0.0, 26000.0, 1000.0 ],
    "Frame2": [ 16000.0, 0.0, 17000.0, 1000.0 ],
    "Frame3": [ 17000.0, 0.0, 18000.0, 1000.0 ],
    "Frame4": [ 18000.0, 0.0, 19000.0, 1000.0 ],
    "Frame5": [ 19000.0, 0.0, 20000.0, 1000.0 ],
    "Frame6": [ 20000.0, 0.0, 21000.0, 1000.0 ],
    "Frame7": [ 21000.0, 0.0, 22000.0, 1000.0 ],
    "Frame8": [ 22000.0, 0.0, 23000.0, 1000.0 ],
    "Frame9": [ 23000.0, 0.0, 24000.0, 1000.0 ],
    "NumFrames": 12,
    "Repeating": true,
    "SecsPerFrame": 0.10000001192092896
  },
  "WALKRIGHT": {
    "Frame0": [ 26000.0, 0.0, 27000.0, 1000.0 ],
    "Frame1": [ 27000.0, 0.0, 28000.0, 1000.0 ],
    "Frame10": [ 36000.0, 0.0, 37000.0, 1000.0 ],
    "Frame11": [ 37000.0, 0.0, 38000.0, 1000.0 ],
    "Frame2": [ 28000.0, 0.0, 29000.0, 1000.0 ],
    "Frame3": [ 29000.0, 0.0, 30000.0, 1000.0 ],
    "Frame4": [ 30000.0, 0.0, 31000.0, 1000.0 ],
    "Frame5": [ 31000.0, 0.0, 32000.0, 1000.0 ],
    "Frame6": [ 32000.0, 0.0, 33000.0, 1000.0 ],
    "Frame7": [ 33000.0, 0.0, 34000.0, 1000.0 ],
    "Frame8": [ 34000.0, 0.0, 35000.0, 1000.0 ],
    "Frame9": [ 35000.0, 0.0, 36000.0, 1000.0 ],
    "NumFrames": 12,
    "Repeating": true,
    "SecsPerFrame": 0.10000001192092896
  }
}