{
  "ATKLEFT": {
    "Frame0": [ 38000.0, 0.0, 39000.0, 1000.0 ],
    "Frame1": [ 39000.0, 0.0, 40000.0, 1000.0 ],
    "Frame2": [ 40000.0, 0.0, 41000.0, 1000.0 ],
    "Frame3": [ 41000.0, 0.0, 42000.0, 1000.0 ],
    "Frame4": [ 42000.0, 0.0, 43000.0, 1000.0 ],
    "Frame5": [ 43000.0, 0.0, 44000.0, 1000.0 ],
    "Frame6": [ 44000.0, 0.0, 45000.0, 1000.0 ],
    "NumFrames": 7,
    "Repeating": false,
    "SecsPerFrame": 0.10000000149011612
  },
  "ATKRIGHT": {
    "Frame0": [ 45000.0, 0.0, 46000.0, 1000.0 ],
    "Frame1": [ 46000.0, 0.0, 47000.0, 1000.0 ],
    "Frame2": [ 47000.0, 0.0, 48000.0, 1000.0 ],
    "Frame3": [ 48000.0, 0.0, 49000.0, 1000.0 ],
    "Frame4": [ 49000.0, 0.0, 50000.0, 1000.0 ],
    "Frame5": [ 50000.0, 0.0, 51000.0, 1000.0 ],
    "Frame6": [ 51000.0, 0.0, 52000.0, 1000.0 ],
    "NumFrames": 7,
    "Repeating": false,
    "SecsPerFrame": 0.10000000149011612
  },
  "DASHLEFT": {
    "Frame0": [ 8000.0, 0.0, 9000.0, 1000.0 ],
    "Frame1": [ 9000.0, 0.0, 10000.0, 1000.0 ],
    "Frame2": [ 10000.0, 0.0, 11000.0, 1000.0 ],
    "NumFrames": 3,
    "Repeating": false,
    "SecsPerFrame": 0.10000001192092896
  },
  "DASHRIGHT": {
    "Frame0": [ 11000.0, 0.0, 12000.0, 1000.0 ],
    "Frame1": [ 12000.0, 0.0, 13000.0, 1000.0 ],
    "Frame2": [ 13000.0, 0.0, 14000.0, 1000.0 ],
    "NumFrames": 3,
    "Repeating": false,
    "SecsPerFrame": 0.10000001192092896
  },
  "IDLELEFT": {
    "Frame0": [ 0.0, 0.0, 1000.0, 1000.0 ],
    "Frame1": [ 1000.0, 0.0, 2000.0, 1000.0 ],
    "Frame2": [ 2000.0, 0.0, 3000.0, 1000.0 ],
    "Frame3": [ 3000.0, 0.0, 4000.0, 1000.0 ],
    "NumFrames": 4,
    "Repeating": true,
    "SecsPerFrame": 0.30000001192092896
  },
  "IDLERIGHT": {
    "Frame0": [ 4000.0, 0.0, 5000.0, 1000.0 ],
    "Frame1": [ 5000.0, 0.0, 6000.0, 1000.0 ],
    "Frame2": [ 6000.0, 0.0, 7000.0, 1000.0 ],
    "Frame3": [ 7000.0, 0.0, 8000.0, 1000.0 ],
    "NumFrames": 4,
    "Repeating": true,
    "SecsPerFrame": 0.30000001192092896
  },
  "WALKLEFT": {
    "Frame0": [ 14000.0, 0.0, 15000.0, 1000.0 ],
    "Frame1": [ 15000.0, 0.0, 16000.0, 1000.0 ],
    "Frame10": [ 24000.0, 0.0, 25000.0, 1000.0 ],
    "Frame11": [ 25000.0, 0.0, 26000.0, 1000.0 ],
    "Frame2": [ 16000.0, 0.0, 17000.0, 1000.0 ],
    "Frame3": [ 17000.0, 0.0, 18000.0, 1000.0 ],
    "Frame4": [ 18000.0, 0.0, 19000.0, 1000.0 ],
    "Frame5": [ 19000.0, 0.0, 20000.0, 1000.0 ],
    "Frame6": [ 20000.0, 0.0, 21000.0, 1000.0 ],
    "Frame7": [ 21000.0, 0.0, 22000.0, 1000.0 ],
    "Frame8": [ 22000.0, 0.0, 23000.0, 1000.0 ],
    "Frame9": [ 23000.0, 0.0, 24000.0, 1000.0 ],
    "NumFrames": 12,
    "Repeating": true,
    "SecsPerFrame": 0.10000001192092896
  },
  "WALKRIGHT": {
    "Frame0": [ 26000.0, 0.0, 27000.0, 1000.0 ],
    "Frame1": [ 27000.0, 0.0, 28000.0, 1000.0 ],
    "Frame10": [ 36000.0, 0.0, 37000.0, 1000.0 ],
    "Frame11": [ 37000.0, 0.0, 38000.0, 1000.0 ],
    "Frame2": [ 28000.0, 0.0, 29000.0, 1000.0 ],
    "Frame3": [ 29000.0, 0.0, 30000.0, 1000.0 ],
    "Frame4": [ 30000.0, 0.0, 31000.0, 1000.0 ],
    "Frame5": [ 31000.0, 0.0, 32000.0, 1000.0 ],
    "Frame6": [ 32000.0, 0.0, 33000.0, 1000.0 ],
    "Frame7": [ 33000.0, 0.0, 34000.0, 1000.0 ],
    "Frame8": [ 34000.0, 0.0, 35000.0, 1000.0 ],
    "Frame9": [ 35000.0, 0.0, 36000.0, 1000.0 ],
    "NumFrames": 12,
    "Repeating": true,
    "SecsPerFrame": 0.10000001192092896
  },
  "WLFIDLELEFT": {
    "Frame0": [ 52000.0, 0.0, 53000.0, 1000.0 ],
    "Frame1": [ 53000.0, 0.0, 54000.0, 1000.0 ],
    "Frame2": [ 54000.0, 0.0, 55000.0, 1000.0 ],
    "NumFrames": 3,
    "Repeating": true,
    "SecsPerFrame": 0.30000001192092896
  },
  "WLFIDLERIGHT": {
    "Frame0": [ 55000.0, 0.0, 56000.0, 1000.0 ],
    "Frame1": [ 56000.0, 0.0, 57000.0, 1000.0 ],
    "Frame2": [ 57000.0, 0.0, 58000.0, 1000.0 ],
    "NumFrames": 3,
    "Repeating": true,
    "SecsPerFrame": 0.30000001192092896
  },
  "WLFWALKLEFT": {
    "Frame0": [ 58000.0, 0.0, 59000.0, 1000.0 ],
    "Frame1": [ 59000.0, 0.0, 60000.0, 1000.0 ],
    "Frame2": [ 60000.0, 0.0, 61000.0, 1000.0 ],
    "Frame3": [ 61000.0, 0.0, 62000.0, 1000.0 ],
    "Frame4": [ 62000.0, 0.0, 63000.0, 1000.0 ],
    "Frame5": [ 63000.0, 0.0, 64000.0, 1000.0 ],
    "NumFrames": 6,
    "Repeating": true,
    "SecsPerFrame": 0.10000001192092896
  },
  "WLFWALKRIGHT": {
    "Frame0": [ 64000.0, 0.0, 65000.0, 1000.0 ],
    "Frame1": [ 65000.0, 0.0, 66000.0, 1000.0 ],
    "Frame2": [ 66000.0, 0.0, 67000.0, 1000.0 ],
    "Frame3": [ 67000.0, 0.0, 68000.0, 1000.0 ],
    "Frame4": [ 68000.0, 0.0, 69000.0, 1000.0 ],
    "Frame5": [ 69000.0, 0.0, 70000.0, 1000.0 ],
    "NumFrames": 6,
    "Repeating": true,
    "SecsPerFrame": 0.10000001192092896
  },
  "FALLLEFT": {
    "Frame0": [ 70000.0, 0.0, 71000.0, 1000.0 ],
    "Frame1": [ 71000.0, 0.0, 72000.0, 1000.0 ],
    "Frame2": [ 72000.0, 0.0, 73000.0, 1000.0 ],
    "Frame3": [ 71000.0, 0.0, 72000.0, 1000.0 ],
    "NumFrames": 4,
    "Repeating": true,
    "SecsPerFrame": 0.10000001192092896
  },
  "FALLRIGHT": {
    "Frame0": [ 73000.0, 0.0, 74000.0, 1000.0 ],
    "Frame1": [ 74000.0, 0.0, 75000.0, 1000.0 ],
    "Frame2": [ 75000.0, 0.0, 76000.0, 1000.0 ],
    "Frame3": [ 74000.0, 0.0, 75000.0, 1000.0 ],
    "NumFrames": 4,
    "Repeating": true,
    "SecsPerFrame": 0.10000001192092896
  },
  "JUMPLEFT": {
    "Frame0": [ 76000.0, 0.0, 77000.0, 1000.0 ],
    "Frame1": [ 77000.0, 0.0, 78000.0, 1000.0 ],
    "Frame2": [ 78000.0, 0.0, 79000.0, 1000.0 ],
    "Frame3": [ 79000.0, 0.0, 80000.0, 1000.0 ],
    "Frame4": [ 80000.0, 0.0, 81000.0, 1000.0 ],
    "NumFrames": 5,
    "Repeating": false,
    "SecsPerFrame": 0.10000001192092896
  },
  "JUMPRIGHT": {
    "Frame0": [ 81000.0, 0.0, 82000.0, 1000.0 ],
    "Frame1": [ 82000.0, 0.0, 83000.0, 1000.0 ],
    "Frame2": [ 83000.0, 0.0, 84000.0, 1000.0 ],
    "Frame3": [ 84000.0, 0.0, 85000.0, 1000.0 ],
    "Frame4": [ 85000.0, 0.0, 86000.0, 1000.0 ],
    "NumFrames": 5,
    "Repeating": false,
    "SecsPerFrame": 0.10000001192092896
  },
  "WLFJUMPLEFT": {
    "Frame0": [ 86000.0, 0.0, 87000.0, 1000.0 ],
    "Frame1": [ 87000.0, 0.0, 88000.0, 1000.0 ],
    "Frame2": [ 88000.0, 0.0, 89000.0, 1000.0 ],
    "Frame3": [ 89000.0, 0.0, 90000.0, 1000.0 ],
    "NumFrames": 4,
    "Repeating": false,
    "SecsPerFrame": 0.10000001192092896
  },
  "WLFJUMPRIGHT": {
    "Frame0": [ 90000.0, 0.0, 91000.0, 1000.0 ],
    "Frame1": [ 91000.0, 0.0, 92000.0, 1000.0 ],
    "Frame2": [ 92000.0, 0.0, 93000.0, 1000.0 ],
    "Frame3": [ 93000.0, 0.0, 94000.0, 1000.0 ],
    "NumFrames": 4,
    "Repeating": false,
    "SecsPerFrame": 0.10000001192092896
  },
  "WLFFALLLEFT": {
    "Frame0": [ 94000.0, 0.0, 95000.0, 1000.0 ],
    "Frame1": [ 95000.0, 0.0, 96000.0, 1000.0 ],
    "Frame2": [ 96000.0, 0.0, 97000.0, 1000.0 ],
    "Frame3": [ 97000.0, 0.0, 98000.0, 1000.0 ],
    "NumFrames": 4,
    "Repeating": false,
    "SecsPerFrame": 0.10000001192092896
  },
  "WLFFALLRIGHT": {
    "Frame0": [ 98000.0, 0.0, 99000.0, 1000.0 ],
    "Frame1": [ 99000.0, 0.0, 100000.0, 1000.0 ],
    "Frame2": [ 100000.0, 0.0, 101000.0, 1000.0 ],
    "Frame3": [ 101000.0, 0.0, 102000.0, 1000.0 ],
    "NumFrames": 4,
    "Repeating": false,
    "SecsPerFrame": 0.10000001192092896
  },
  "DEATHLEFT": {
    "Frame0": [ 102000.0, 0.0, 103000.0, 1000.0 ],
    "Frame1": [ 103000.0, 0.0, 104000.0, 1000.0 ],
    "Frame2": [ 104000.0, 0.0, 105000.0, 1000.0 ],
    "Frame3": [ 105000.0, 0.0, 106000.0, 1000.0 ],
    "Frame4": [ 10600.0, 0.0, 107000.0, 1000.0 ],
    "NumFrames": 5,
    "Repeating": false,
    "SecsPerFrame": 0.10000001192092896
  },
  "DEATHRIGHT": {
    "Frame0": [ 107000.0, 0.0, 108000.0, 1000.0 ],
    "Frame1": [ 108000.0, 0.0, 109000.0, 1000.0 ],
    "Frame2": [ 109000.0, 0.0, 110000.0, 1000.0 ],