{
  "IDLELEFT": {
    "Frame0": [ 0.0, 0.0, 500.0, 500.0 ],
    "Frame1": [ 500.0, 0.0, 1000.0, 500.0 ],
    "Frame2": [ 1000.0, 0.0, 1500.0, 500.0 ],
    "NumFrames": 3,
    "Repeating": true,
    "SecsPerFrame": 0.16670000553131104
  },
  "IDLERIGHT": {
    "Frame0": [ 1500.0, 0.0, 2000.0, 500.0 ],
    "Frame1": [ 2000.0, 0.0, 2500.0, 500.0 ],
    "Frame2": [ 2500.0, 0.0, 3000.0, 500.0 ],
    "NumFrames": 3,
    "Repeating": true,
    "SecsPerFrame": 0.3
  },
  "WALKLEFT": {
    "Frame0": [ 3000.0, 0.0, 3500.0, 500.0 ],
    "Frame1": [ 3500.0, 0.0, 4000.0, 500.0 ],
    "Frame2": [ 4000.0, 0.0, 4500.0, 500.0 ],
    "Frame3": [ 4500.0, 0.0, 5000.0, 500.0 ],
    "NumFrames": 4,
    "Repeating": true,
    "SecsPerFrame": 0.16670000553131104
  },
  "WALKRIGHT": {
    "Frame0": [ 5000.0, 0.0, 5500.0, 500.0 ],
    "Frame1": [ 5500.0, 0.0, 6000.0, 500.0 ],
    "Frame2": [ 6000.0, 0.0, 6500.0, 500.0 ],
    "Frame3": [ 6500.0, 0.0, 7000.0, 500.0 ],
    "NumFrames": 4,
    "Repeating": true,
    "SecsPerFrame": 0.16670000553131104
  },
  "ATKLEFT": {
    "Frame0": [ 7000.0, 0.0, 7500.0, 500.0 ],
    "Frame1": [ 7500.0, 0.0, 8000.0, 500.0 ],
    "Frame2": [ 8000.0, 0.0, 8500.0, 500.0 ],
    "Frame3": [ 8500.0, 0.0, 9000.0, 500.0 ],
    "NumFrames": 4,
    "Repeating": false,
    "SecsPerFrame": 0.16670000553131104
  },
  "ATKRIGHT": {
    "Frame0": [ 9000.0, 0.0, 9500.0, 500.0 ],
    "Frame1": [ 9500.0, 0.0, 10000.0, 500.0 ],
    "Frame2": [ 10000.0, 0.0, 10500.0, 500.0 ],
    "Frame3": [ 10500.0, 0.0, 11000.0, 500.0 ],
    "NumFrames": 4,
    "Repeating": false,
    "SecsPerFrame": 0.16670000553131104
  },
  "DEATH": {
    "Frame0": [ 11000.0, 0.0, 11500.0, 500.0 ],
    "Frame1": [ 11500.0, 0.0, 12000.0, 500.0 ],
    "Frame2": [ 12000.0, 0.0, 12500.0, 500.0 ],
    "Frame3": [ 12500.0, 0.0, 13000.0, 500.0 ],
    "Frame4": [ 13000.0, 0.0, 13500.0, 500.0 ],
    "Frame5": [ 13500.0, 0.0, 14000.0, 500.0 ],
    "Frame6": [ 14000.0, 0.0, 14500.0, 500.0 ],
    "Frame7": [ 14500.0, 0.0, 15000.0, 500.0 ],
    "Frame8": [ 15000.0, 0.0, 15500.0, 500.0 ],
    "Frame9": [ 15500.0, 0.0, 16000.0, 500.0 ],
    "Frame10": [ 16000.0, 0.0, 16500.0, 500.0 ],
    "NumFrames": 11,
    "Repeating": false,
    "SecsPerFrame": 0.05
  }
}
