{"WALKLEFT":{"Frame0":[0.0,0.0,800.0,700.0],"Frame1":[800.0,0.0,1600.0,700.0],"Frame10":[8000.0,0.0,8800.0,700.0],"Frame11":[8800.0,0.0,9600.0,700.0],"Frame12":[9600.0,0.0,10400.0,700.0],"Frame13":[10400.0,0.0,11200.0,700.0],"Frame14":[11200.0,0.0,12000.0,700.0],"Frame15":[12000.0,0.0,12800.0,700.0],"Frame2":[1600.0,0.0,2400.0,700.0],"Frame3":[2400.0,0.0,3200.0,700.0],"Frame4":[3200.0,0.0,4000.0,700.0],"Frame5":[4000.0,0.0,4800.0,700.0],"Frame6":[4800.0,0.0,5600.0,700.0],"Frame7":[5600.0,0.0,6400.0,700.0],"Frame8":[6400.0,0.0,7200.0,700.0],"Frame9":[7200.0,0.0,8000.0,700.0],"NumFrames":16,"Repeating":true,"SecsPerFrame":0.10000000149011612},"WALKRIGHT":{"Frame0":[12800.0,0.0,13600.0,700.0],"Frame1":[13600.0,0.0,14400.0,700.0],"Frame10":[20800.0,0.0,21600.0,700.0],"Frame11":[21600.0,0.0,22400.0,700.0],"Frame12":[22400.0,0.0,23200.0,700.0],"Frame13":[23200.0,0.0,24000.0,700.0],"Frame14":[24000.0,0.0,24800.0,700.0],"Frame15":[24800.0,0.0,25600.0,700.0],"Frame2":[14400.0,0.0,15200.0,700.0],"Frame3":[15200.0,0.0,16000.0,700.0],"Frame4":[16000.0,0.0,16800.0,700.0],"Frame5":[16800.0,0.0,17600.0,700.0],"Frame6":[17600.0,0.0,18400.0,700.0],"Frame7":[18400.0,0.0,19200.0,700.0],"Frame8":[19200.0,0.0,20000.0,700.0],"Frame9":[20000.0,0.0,20800.0,700.0],"NumFrames":16,"Repeating":true,"SecsPerFrame":0.10000000149011612}}