{
  "WALKLEFT": {
    "Frame0": [ 0.0, 0.0, 800.0, 700.0 ],
    "Frame1": [ 800.0, 0.0, 1600.0, 700.0 ],
    "Frame10": [ 8000.0, 0.0, 8800.0, 700.0 ],
    "Frame11": [ 8800.0, 0.0, 9600.0, 700.0 ],
    "Frame12": [ 9600.0, 0.0, 10400.0, 700.0 ],
    "Frame13": [ 10400.0, 0.0, 11200.0, 700.0 ],
    "Frame14": [ 11200.0, 0.0, 12000.0, 700.0 ],
    "Frame15": [ 12000.0, 0.0, 12800.0, 700.0 ],
    "Frame2": [ 1600.0, 0.0, 2400.0, 700.0 ],
    "Frame3": [ 2400.0, 0.0, 3200.0, 700.0 ],
    "Frame4": [ 3200.0, 0.0, 4000.0, 700.0 ],
    "Frame5": [ 4000.0, 0.0, 4800.0, 700.0 ],
    "Frame6": [ 4800.0, 0.0, 5600.0, 700.0 ],
    "Frame7": [ 5600.0, 0.0, 6400.0, 700.0 ],
    "Frame8": [ 6400.0, 0.0, 7200.0, 700.0 ],
    "Frame9": [ 7200.0, 0.0, 8000.0, 700.0 ],
    "NumFrames": 16,
    "Repeating": true,
    "SecsPerFrame": 0.10000000149011612
  },
  "WALKRIGHT": {
    "Frame0": [ 12800.0, 0.0, 13600.0, 700.0 ],
    "Frame1": [ 13600.0, 0.0, 14400.0, 700.0 ],
    "Frame10": [ 20800.0, 0.0, 21600.0, 700.0 ],
    "Frame11": [ 21600.0, 0.0, 22400.0, 700.0 ],
    "Frame12": [ 22400.0, 0.0, 23200.0, 700.0 ],
    "Frame13": [ 23200.0, 0.0, 24000.0, 700.0 ],
    "Frame14": [ 24000.0, 0.0, 24800.0, 700.0 ],
    "Frame15": [ 24800.0, 0.0, 25600.0, 700.0 ],
    "Frame2": [ 14400.0, 0.0, 15200.0, 700.0 ],
    "Frame3": [ 15200.0, 0.0, 16000.0, 700.0 ],
    "Frame4": [ 16000.0, 0.0, 16800.0, 700.0 ],
    "Frame5": [ 16800.0, 0.0, 17600.0, 700.0 ],
    "Frame6": [ 17600.0, 0.0, 18400.0, 700.0 ],
    "Frame7": [ 18400.0, 0.0, 19200.0, 700.0 ],
    "Frame8": [ 19200.0, 0.0, 20000.0, 700.0 ],
    "Frame9": [ 20000.0, 0.0, 20800.0, 700.0 ],
    "NumFrames": 16,
    "Repeating": true,
    "SecsPerFrame": 0.10000000149011612
  },
  "IDLELEFT": {
    "Frame0": [ 25600.0, 0.0, 26400.0, 700.0 ],
    "Frame1": [ 26400.0, 0.0, 27200.0, 700.0 ],
    "Frame2": [ 27200.0, 0.0, 28000.0, 700.0 ],
    "Frame3": [ 28000.0, 0.0, 28800.0, 700.0 ],
    "Frame4": [ 28800.0, 0.0, 29600.0, 700.0 ],
    "NumFrames": 5,
    "Repeating": true,
    "SecsPerFrame": 0.30000001192092896
  },
  "IDLERIGHT": {
    "Frame0": [ 29600.0, 0.0, 30400.0, 700.0 ],
    "Frame1": [ 30400.0, 0.0, 31200.0, 700.0 ],
    "Frame2": [ 31200.0, 0.0, 32000.0, 700.0 ],
    "Frame3": [ 32000.0, 0.0, 32800.0, 700.0 ],
    "Frame4": [ 32800.0, 0.0, 33600.0, 700.0 ],
    "NumFrames": 5,
    "Repeating": true,
    "SecsPerFrame": 0.30000001192092896
  },
  "ATKLEFT": {
    "Frame0": [ 33600.0, 0.0, 34400.0, 700.0 ],
    "Frame1": [ 34400.0, 0.0, 35200.0, 700.0 ],
    "Frame2": [ 35200.0, 0.0, 36000.0, 700.0 ],
    "Frame3": [ 36000.0, 0.0, 36800.0, 700.0 ],
    "Frame4": [ 36800.0, 0.0, 37600.0, 700.0 ],
    "Frame5": [ 37600.0, 0.0, 38400.0, 700.0 ],
    "Frame6": [ 38400.0, 0.0, 39200.0, 700.0 ],
    "Frame7": [ 39200.0, 0.0, 40000.0, 700.0 ],
    "Frame8": [ 40000.0, 0.0, 40800.0, 700.0 ],
    "Frame9": [ 40800.0, 0.0, 41600.0, 700.0 ],
    "Frame10": [ 41600.0, 0.0, 42400.0, 700.0 ],
    "Frame11": [ 42400.0, 0.0, 43200.0, 700.0 ],
    "Frame12": [ 43200.0, 0.0, 44000.0, 700.0 ],
    "NumFrames": 13,
    "Repeating": false,
    "SecsPerFrame": 0.07
  },
  "ATKRIGHT": {
    "Frame0": [ 44000.0, 0.0, 44800.0, 700.0 ],
    "Frame1": [ 44800.0, 0.0, 45600.0, 700.0 ],
    "Frame2": [ 45600.0, 0.0, 46400.0, 700.0 ],
    "Frame3": [ 46400.0, 0.0, 47200.0, 700.0 ],
    "Frame4": [ 47200.0, 0.0, 48000.0, 700.0 ],
    "Frame5": [ 48000.0, 0.0, 48800.0, 700.0 ],
    "Frame6": [ 48800.0, 0.0, 49600.0, 700.0 ],
    "Frame7": [ 49600.0, 0.0, 50400.0, 700.0 ],
    "Frame8": [ 50400.0, 0.0, 51200.0, 700.0 ],
    "Frame9": [ 51200.0, 0.0, 52000.0, 700.0 ],
    "Frame10": [ 52000.0, 0.0, 52800.0, 700.0 ],
    "Frame11": [ 52800.0, 0.0, 53600.0, 700.0 ],
    "Frame12": [ 53600.0, 0.0, 54400.0, 700.0 ],
    "NumFrames": 13,
    "Repeating": false,
    "SecsPerFrame": 0.07
  },
  "DEATHLEFT": {
    "Frame0": [ 54400.0, 0.0, 55200.0, 700.0 ],
    "Frame1": [ 55200.0, 0.0, 56000.0, 700.0 ],
    "Frame2": [ 56000.0, 0.0, 56800.0, 700.0 ],
    "Frame3": [ 56800.0, 0.0, 57600.0, 700.0 ],
    "Frame4": [ 57600.0, 0.0, 58400.0, 700.0 ],
    "Frame5": [ 58400.0, 0.0, 59200.0, 700.0 ],
    "Frame6": [ 59200.0, 0.0, 60000.0, 700.0 ],
    "Frame7": [ 60000.0, 0.0, 60800.0, 700.0 ],
    "Frame8": [ 60800.0, 0.0, 61600.0, 700.0 ],
    "Frame9": [ 61800.0, 0.0, 62400.0, 700.0 ],
    "Frame10": [ 62400.0, 0.0, 63200.0, 700.0 ],
    "NumFrames": 11,
    "Repeating": false,
    "SecsPerFrame": 0.1
  },
  "DEATHRIGHT": {
    "Frame0": [ 63200.0, 0.0, 64000.0, 700.0 ],
    "Frame1": [ 64000.0, 0.0, 64800.0, 700.0 ],
    "Frame2": [ 64800.0, 0.0, 65600.0, 700.0 ],
    "Frame3": [ 65600.0, 0.0, 66400.0, 700.0 ],
    "Frame4": [ 66400.0, 0.0, 67200.0, 700.0 ],
    "Frame5": [ 67200.0, 0.0, 68000.0, 700.0 ],
    "Frame6": [ 68000.0, 0.0, 68800.0, 700.0 ],
    "Frame7": [ 68800.0, 0.0, 69600.0, 700.0 ],
    "Frame8": [ 69600.0, 0.0, 70400.0, 700.0 ],
    "Frame9": [ 70400.0, 0.0, 71200.0, 700.0 ],
    "Frame10": [ 71200.0, 0.0, 72000.0, 700.0 ],
    "NumFrames": 11,
    "Repeating": false,
    "SecsPerFrame": 0.1
  }
}
